<?xml version="1.0" encoding="UTF-8"?><Doc3040 CNPJ="09464032" DtBase="2018-07" EmailResp="eduardy@midwayfinanceira.com.br" NomeResp="Eduardo Yamaguchi" Parte="1" Remessa="28" TelResp="1121428456" TotalCli="2" TpArq="F">
<Cli Autorzc="N" Cd="11111111111" ClassCli="H" FatAnual="3001.55" IniRelactCli="2018-07-02" PorteCli="1" Tp="1"><Op CEP="0" CaracEspecial="" ClassOp="A" Contrt="1000000491" Cosif="1612000" DtContr="2018-07-01" DtVencOp="2023-06-29" IPOC="0946403202031111111111111000000491" Indx="11" Mod="0203" NatuOp="01" OrigemRec="101" PercIndx="0" ProvConsttd="18000.00" TaxEft="773.59" VarCamb="790" VlrContr="60000.00"><Venc v110="60000.00" v120="60000.00" v130="60000.00" v140="60000.00" v150="60000.00" v160="60000.00" v165="60000.00" v170="60000.00" v175="60000.00" v180="60000.00"/></Op><Op CEP="0" CaracEspecial="19" ClassOp="H" Contrt="1000000492" Cosif="1612000" DiaAtraso="268" DtContr="2018-07-01" DtVencOp="2022-09-06" IPOC="0946403202031111111111111000000492" Indx="11" Mod="0203" NatuOp="01" OrigemRec="101" PercIndx="0" ProvConsttd="3600000.00" TaxEft="773.59" VarCamb="790" VlrContr="60000.00"><Venc v260="60000.00"/></Op><Op CEP="0" CaracEspecial="19" ClassOp="H" Contrt="1000000489" Cosif="1612000" DiaAtraso="268" DtContr="2018-07-01" DtVencOp="2018-09-06" IPOC="0946403202031111111111111000000489" Indx="11" Mod="0203" NatuOp="01" OrigemRec="101" PercIndx="0" ProvConsttd="54337.92" TaxEft="773.59" VarCamb="790" VlrContr="4528.16"><Venc v260="4528.16"/></Op><Op CEP="0" CaracEspecial="19" ClassOp="H" Contrt="1000000490" Cosif="1612000" DiaAtraso="329" DtContr="2018-07-01" DtVencOp="2022-07-06" IPOC="0946403202031111111111111000000490" Indx="11" Mod="0203" NatuOp="01" OrigemRec="101" PercIndx="0" ProvConsttd="3600000.00" TaxEft="773.59" VarCamb="790" VlrContr="60000.00"><Venc v270="60000.00"/></Op><Op CEP="0" CaracEspecial="19" ClassOp="H" Contrt="1000000487" Cosif="1612000" DiaAtraso="329" DtContr="2018-07-01" DtVencOp="2018-07-02" IPOC="0946403202031111111111111000000487" Indx="11" Mod="0203" NatuOp="01" OrigemRec="101" PercIndx="0" ProvConsttd="54337.92" TaxEft="773.59" VarCamb="790" VlrContr="4528.16"><Venc v270="4528.16"/></Op><Op CEP="0" CaracEspecial="19" ClassOp="H" Contrt="1000000488" Cosif="1612000" DiaAtraso="268" DtContr="2018-07-01" DtVencOp="2018-09-01" IPOC="0946403202031111111111111000000488" Indx="11" Mod="0203" NatuOp="01" OrigemRec="101" PercIndx="0" ProvConsttd="54337.92" TaxEft="773.59" VarCamb="790" VlrContr="4528.16"><Venc v260="4528.16"/></Op><Op CEP="0" CaracEspecial="19" ClassOp="H" Contrt="1000000485" Cosif="1612000" DiaAtraso="329" DtContr="2018-07-01" DtVencOp="2018-07-02" IPOC="0946403202031111111111111000000485" Indx="11" Mod="0203" NatuOp="01" OrigemRec="101" PercIndx="0" ProvConsttd="54337.92" TaxEft="773.59" VarCamb="790" VlrContr="4528.16"><Venc v270="4528.16"/></Op><Op CEP="0" CaracEspecial="19" ClassOp="H" Contrt="1000000486" Cosif="1612000" DiaAtraso="268" DtContr="2018-07-01" DtVencOp="2018-09-01" IPOC="0946403202031111111111111000000486" Indx="11" Mod="0203" NatuOp="01" OrigemRec="101" PercIndx="0" ProvConsttd="54337.92" TaxEft="773.59" VarCamb="790" VlrContr="4528.16"><Venc v260="4528.16"/></Op><Op CEP="0" CaracEspecial="19" ClassOp="H" Contrt="1000000483" Cosif="1612000" DiaAtraso="329" DtContr="2018-07-01" DtVencOp="2018-07-06" IPOC="0946403202031111111111111000000483" Indx="11" Mod="0203" NatuOp="01" OrigemRec="101" PercIndx="0" ProvConsttd="54337.92" TaxEft="773.59" VarCamb="790" VlrContr="4528.16"><Venc v270="4528.16"/></Op><Op CEP="0" CaracEspecial="19" ClassOp="H" Contrt="1000000484" Cosif="1612000" DiaAtraso="329" DtContr="2018-07-01" DtVencOp="2018-07-02" IPOC="0946403202031111111111111000000484" Indx="11" Mod="0203" NatuOp="01" OrigemRec="101" PercIndx="0" ProvConsttd="54337.92" TaxEft="773.59" VarCamb="790" VlrContr="4528.16"><Venc v270="4528.16"/></Op></Cli>  
<Cli Autorzc="N" Cd="52455826600" ClassCli="A" FatAnual="3002.55" IniRelactCli="2018-07-02" PorteCli="1" Tp="1"><Op CEP="0" CaracEspecial="" ClassOp="A" Contrt="1000000482" Cosif="1612000" DtContr="2018-07-01" DtVencOp="2019-07-01" IPOC="0946403202031524558266001000000482" Indx="11" Mod="0203" NatuOp="01" OrigemRec="101" PercIndx="0" ProvConsttd="600.00" TaxEft="11.00" VarCamb="790" VlrContr="10000.00"><Venc v120="10000.00" v130="10000.00" v140="10000.00" v150="10000.00" v160="10000.00"/></Op></Cli>  
</Doc3040>
